name,keeps_birth_date,seasons_moved,goals_moved,clubs_moved,stat_rows,career_rows,honours,transfers
"Ronaldo","1990-04-08","1996-2004",175,"Barcelona / Brazil / Inter / Real Madrid",14,3,15,0
"Victor","1995-01-04","1995-2008",92,"Tenerife / Valladolid / Villarreal",11,4,0,0
"El Diouf","2004-12-28","1998-2009",47,"Blackburn / Bolton / Lens / Liverpool / Rennes / Senegal / Sochaux / Sunderland",15,7,0,0
"Dani García","1990-05-24","1995-2004",43,"Barcelona / Espanyol / Mallorca / Real Madrid / Zaragoza",15,6,1,0
"Fred","1993-03-05","2005-2007",37,"Brazil / Lyon",7,1,0,0
"José Mari","1987-12-06","1996-2001",36,"AC Milan / Atletico Madrid / Sevilla",8,3,0,0
"Niko Kovač","2005-04-08","1996-2008",35,"Bayer Leverkusen / Bayern München / Croatia / Hamburger SV / Hertha BSC",18,4,0,0
"Víctor Sánchez","1987-09-08","1995-2001",34,"Deportivo La Coruna / Racing Santander / Real Madrid",10,3,1,0
"Carlos Domínguez","2001-02-11","1995-2004",27,"Mallorca / Sevilla",10,3,0,0
"Moussa N'Diaye","2002-06-18","1998-2006",24,"Ajaccio / Auxerre / Istres / Monaco / Sedan / Senegal",9,4,0,0
"Moussa Ndiaye","2002-06-18","1998-2006",24,"Ajaccio / Auxerre / Istres / Monaco / Sedan",8,4,0,0
"Guilherme","1991-04-05","1995-1996",24,"Rayo Vallecano",2,1,0,0
"Antonio Pacheco","2002-01-03","1996-2004",23,"Albacete / Espanyol / Inter / Reggiana",5,4,0,0
"Krisztián Lisztes","2005-05-06","1995-2005",22,"Borussia Mönchengladbach / Ferencváros / VfB Stuttgart / Werder Bremen",11,3,0,0
"Émerson","1986-02-23","1996-2000",21,"AS Roma / Bayer Leverkusen / Brazil / Deportivo La Coruna / Lorient / Middlesbrough / Perugia / Tenerife",11,7,0,0
"Mamadou Diallo","1994-09-19","1998-2008",21,"Le Havre / MSV Duisburg / Nantes",5,3,0,0
"Soumaïla Coulibaly","2003-10-14","2000-2008",18,"Borussia Mönchengladbach / SC Freiburg",5,2,0,0
"Gilberto","1993-03-07","1998-2007",16,"Brazil / Hertha BSC / Inter / Tottenham",7,3,0,0
"Ederson","1993-08-17","2004-2007",16,"Nice",4,1,0,0
"Babacar Gueye","1994-12-31","2003-2007",13,"Metz",4,1,0,0
"Álex Fernández","1992-10-15","1995-2004",11,"Espanyol / Osasuna",6,3,0,0
"Eduardo Henrique","1995-05-17","2007-2009",11,"Arsenal",5,1,0,0
"Carlos García","1984-04-29","1995-1998",11,"Athletic Club",5,1,0,0
"Abdoulaye Faye","2004-09-22","2002-2013",10,"Bolton / Hull City / Istres / Lens / Newcastle / Stoke City",12,8,3,6
"Pablo Ibáñez","1998-09-20","2003-2009",10,"Albacete / Atletico Madrid / Spain",10,2,0,0
"Juan Gómez Sánchez","1981-05-29","1995-1995",10,"Celta Vigo",1,1,0,0
"Pape Sarr","2002-09-14","1999-2004",9,"Lens / Saint Etienne / Senegal",7,2,0,0
"José Luis Morales","1987-07-23","1995-1999",9,"Logroñés / Numancia / Sporting Gijon",3,2,0,0
"Jesús Vázquez","2003-01-02","2006-2008",8,"Recreativo",3,0,0,0
"Nacho","1990-01-18","1995-2004",7,"Alaves / Compostela / Levante / Malaga",6,4,0,0
"Manu Sánchez","2000-08-24","2001-2005",7,"Malaga",5,1,0,0
"Koke","1992-01-08","2002-2005",7,"Malaga / Marseille",4,2,0,0
"Fernando","1981-05-03","1995-1995",7,"Valladolid",1,1,0,0
"Sven Müller","1996-02-16","2000-2005",6,"1. FC Nürnberg / VfL Wolfsburg",6,2,0,0
"Marcão","1996-06-05","2000-2001",6,"FC St. Pauli / Spartak Moscow",2,2,0,0
"Fabinho","1993-10-23","2006-2007",6,"Toulouse",2,1,0,0
"Mamede","2002-03-18","2005-2006",6,"Cagliari",2,1,0,0
"Matteo Ferrari","1994-04-05","1999-2008",5,"AS Roma / Bari / Everton / Genoa / Inter / Parma",13,6,0,0
"Raphaël Guerreiro","1993-12-22","1996-1996",5,"Caen",1,1,0,0
"Rafinha","1992-02-12","2005-2006",4,"FC Schalke 04",5,1,0,0
"Jamie Lawrence","2002-11-10","1996-2000",4,"Bradford City / Leicester",3,1,0,0
"Matthias Zimmermann","1992-06-16","1999-2000",4,"Unterhaching",2,0,0,0
"Mohamed Sylla","2004-01-30","1995-1995",4,"Martigues",1,1,0,0
"Alan Smith","1980-10-28","1991-1991",4,"Arsenal",1,1,0,0
"Javi Navarro","2004-02-24","1995-2006",3,"Sevilla / Valencia",9,2,0,0
"César Palacios","2004-11-11","2000-2008",3,"Numancia / Osasuna",6,2,0,0
"Jacob Laursen","1994-11-17","1996-2001",3,"Denmark / Derby County / Leicester",6,1,0,0
"Andreas Müller","2000-07-20","1995-1999",3,"FC Schalke 04",5,1,0,0
"Javi López","1986-01-21","1996-1998",3,"Deportivo La Coruna / Racing Santander / Tenerife",4,3,0,0
"Luis Hernández","1989-04-14","1998-2002",3,"Mexico",2,0,0,0
"Mikael Nilsson","1978-06-24","1991-1992",3,"Göteborg",2,0,0,0
"Tommy Smith","1992-04-14","1999-2006",3,"Watford",2,2,0,0
"Ibrahima Baldé","2003-01-17","2009-2009",3,"Atletico Madrid",1,1,0,0
"Hans Sarpei","1998-08-22","2001-2010",2,"Bayer Leverkusen / FC Schalke 04 / Ghana / VfL Wolfsburg",12,3,0,0
"Raúl Jiménez","2006-02-16","2014-2018",2,"Mexico",4,0,0,0
"Juanfran","1985-01-09","1997-1999",2,"Celta Vigo / Valencia",3,2,0,0
"Djibril Sidibé","1992-07-29","2001-2004",2,"Bastia / Monaco",2,1,0,0
"Rafael Ratão","1995-11-30","2004-2005",2,"Messina",2,1,0,1
"Jádson","1993-08-30","2006-2007",2,"Shakhtar D.",2,0,0,0
"Luis Milla","1994-10-07","1995-2000",1,"Real Madrid / Valencia",9,2,0,0
"Rodri","1996-06-22","2004-2009",1,"Barcelona / Deportivo La Coruna / Sevilla",5,3,0,0
"Pepelu","1998-08-11","1995-1996",1,"Sevilla",2,1,0,0
"José Ángel","2003-01-20","2008-2009",1,"Sporting Gijon",2,1,0,0
"Wesley","2003-09-06","2005-2010",1,"Alaves / Werder Bremen",2,2,0,0
"Milan Gajic","1996-01-28","2009-2009",1,"Zürich",1,1,0,0
"Lamine Yamal","2007-07-13","2020-2020",1,"Spain",1,0,0,0
"Uche Agbo","1995-12-04","1997-1997",1,"Montpellier",1,1,0,0
"Juan Muñiz","1992-03-14","1995-2000",0,"Numancia / Rayo Vallecano / Sporting Gijon",4,3,0,0
"Jonas Olsson","1983-03-10","1992-1996",0,"Göteborg",3,0,0,0
"Paco Sanz","2004-11-15","1995-1999",0,"Mallorca / Oviedo",2,2,0,0
"João Paulo","1998-05-26","2007-2009",0,"Le Mans / Porto",2,2,0,0
"Roberto Olabe","1996-05-05","1995-1998",0,"Real Sociedad",2,1,0,0
"Iñigo Martínez","1991-05-17","1995-1997",0,"Zaragoza",2,1,0,0
"Alessandro Romano","2006-06-17","1997-1999",0,"Brescia / Hellas Verona",2,2,0,0
"Mario Ruiz","1997-03-03","2009-2009",0,"Racing Santander",2,1,0,0
"Álex García","1994-02-07","2005-2005",0,"Racing Santander",2,1,0,0
"Rafael","1990-07-09","2001-2002",0,"1860 Munich / Porto",2,1,0,0
"Gabriel","1997-12-19","2005-2008",0,"Malaga / Panathinaikos",2,2,0,0
"Nenê","1983-07-28","1995-1997",0,"Racing Santander / Sporting CP",2,2,0,0
"Saúl","1994-11-21","2005-2007",0,"Levante / Malaga",2,2,0,0
"Ángel Rodríguez","1987-04-26","1999-2000",0,"Osasuna / Sevilla",2,2,0,0
"Julio Enciso","2004-01-23","1998-1998",0,"Paraguay",1,0,0,0
"Álvaro Peña","1991-10-24","1994-1994",0,"Bolivia",1,0,0,0
"Álvaro Fernández","1998-04-13","2010-2010",0,"Uruguay",1,0,0,0
"André Almeida","2000-05-30","2014-2014",0,"Portugal",1,0,0,0
"Roberto Scaglione","2010-01-04","2024-2024",0,"Genoa",1,1,0,0
"Ashley Westwood","1990-04-01","1999-1999",0,"Bradford City",1,0,0,0
"Michael Johnson","1988-02-24","2002-2002",0,"Birmingham City",1,0,0,0
"Raúl García","1986-07-11","2000-2000",0,"Oviedo",1,1,0,0
"Juan Domínguez","1990-01-08","2004-2004",0,"Real Sociedad",1,1,0,0
"Javi Guerra","2003-05-13","2006-2006",0,"Valencia",1,1,0,0
"Miguel Marí","1997-06-30","1996-1996",0,"Hércules",1,1,0,0
"Tito","1985-07-11","1999-1999",0,"Numancia",1,1,0,0
"Fali","1993-08-12","2007-2007",0,"Barcelona",1,1,0,0
"Alexander Meyer","1991-04-13","2005-2005",0,"MSV Duisburg",1,1,0,0
"Roger Martínez","2004-04-05","2016-2016",0,"Colombia",1,0,0,0
"Ibrahima Diallo","1999-03-08","2012-2012",0,"Guinea",1,0,0,0
"Fodé Camara","2007-06-16","2015-2015",0,"Guinea",1,0,0,0
"Abdoulaye Camara","2008-09-28","1999-1999",0,"Udinese",1,1,0,0
"Anderson","1988-04-13","2002-2002",0,"Como",1,1,0,0
"Andrés Escobar","1991-05-14","1994-1994",0,"Colombia",1,0,0,0
"Luis Pérez","1995-02-04","2006-2006",0,"Mexico",1,0,0,0
"Thomas Kristensen","2002-01-17","2010-2010",0,"FC Copenhagen",1,1,0,0
"Alex Teixeira","2007-02-25","2010-2010",0,"Shakhtar D.",1,0,0,0
"João Neves","2004-09-27","2018-2018",0,"Benfica",1,5,7,0
"Andrea Conti","1994-03-02","1996-1996",0,"AS Roma",1,1,0,0
