stored_as,restored_to
"José Ceballos","José María Ceballos"
"Wolfgang Beer","Wolfgang de Beer"
"Jon Hjelde","Jon Olav Hjelde"
"José Flores","José Oscar Flores"
"Miguel Pérez","Miguel Ángel Moralejo Pérez"
"Enrique Lucas","Enrique de Lucas"
"Joaquín Olmo","Joaquín del Olmo"
"Carlos Martínez","Carlos Alfaro Martínez"
"Juan Unzué","Juan Carlos Unzué"
"José Herrera","José Oscar Herrera"
"Karl Løken","Karl Petter Løken"
"Arjan Zeeuw","Arjan de Zeeuw"
"Rafael Torres","Rafael García Torres"
"Dennis Nooijer","Dennis de Nooijer"
"Ahmad Abedzadeh","Ahmad Reza Abedzadeh"
"Baldur Bjarnason","Baldur Þór Bjarnason"
"José Ruiz","José Miguel Pérez Ruiz"
"Jorge Núñez","Jorge Martín Núñez"
"Nuno Coelho","Nuno André Coelho"
"Fernando Napoli","Fernando De Napoli"
"Jóhann Guðmundsson","Jóhann Berg Guðmundsson"
"David Jiménez","David Martín Jiménez"
"Ari Skúlason","Ari Freyr Skúlason"
"Francisco Gento","Francisco Llorente Gento"
"Jorge Sánchez","Jorge Cordero Sánchez"
"José Sousa","José Carlos Leite de Sousa"
"Marcelo Faria","Marcelo de Faria"
"José Soria","José Carlos Soria"
"Pedro Duque","Pedro Pareja Duque"
"Jerome Mbekeli","Jerome Ngom Mbekeli"
"Julio Yegros","Julio César Yegros"
"Stig Bjørnebye","Stig Inge Bjørnebye"
"José Baroja","José Luis Baroja"
"Guly Prado","Guly do Prado"
"Cheick Diarra","Cheick Fantamady Diarra"
"Steinar Guðgeirsson","Steinar Þór Guðgeirsson"
"Luis Torres","Luis Gil Torres"
"Fernando Alarcón","Fernando Cebrián Alarcón"
"Ángel García","Ángel de Juana García"
"José Duque","José María López Duque"
"Ahmed Malek","Ahmed Eid Abdel Malek"
"Trond Ludvigsen","Trond Fredrik Ludvigsen"
"Jesús Sanjuán","Jesús García Sanjuán"
"William Andrade","William Amaral de Andrade"
"Roberto Zerbi","Roberto De Zerbi"
"Moez Cherifia","Moez Ben Cherifia"
"Luis Beltrán","Luis Miguel López Beltrán"
"Jerry Jong","Jerry de Jong"
"César Ruiz","César Porras Ruiz"
"Hassan Fakiri","Hassan El Fakiri"
"Genilson Oliveira","Genilson Andres de Oliveira"
"Gustavo Schelotto","Gustavo Barros Schelotto"
"Francisco Sánchez","Francisco Javier Flores Sánchez"
"Martín Camaño","Martín Nicolás Camaño"
"Jean-Paul Gastel","Jean-Paul van Gastel"
"Joris Hout","Joris Van Hout"
"Jan Fjørtoft","Jan Åge Fjørtoft"
"Ioan Moga","Ioan Sebastian Moga"
"Thierry Neef","Thierry De Neef"
"Christophe Roux","Christophe Le Roux"
"Jean-Louis Akpro","Jean-Louis Akpa Akpro"
"Veigar Gunnarsson","Veigar Páll Gunnarsson"
"Luigi Rocca","Luigi Della Rocca"
"José Franco","José María Franco"
"Luis Centi","Luis Fernando Centi"
"Juan Rojas","Juan Rodrigo Rojas"
"Luis Páez","Luis Fernando Páez"
"Axel Konan","Axel Cédric Konan"
"Knut Fostervold","Knut Anders Fostervold"
"Jan Hesselink","Jan Vennegoor of Hesselink"
"Héctor Martínez","Héctor David Martínez"
"Peter Houdt","Peter Van Houdt"
"Mohamed Nafkha","Mohamed Ali Nafkha"
"Arie Lent","Arie van Lent"
"Nagm Abdalla","Nagm Eldin Abdalla"
"Tore Dahlum","Tore André Dahlum"
"Julio Manzur","Julio César Manzur"
"José Lumbreras","José María Lumbreras"
"Juan Ochoa","Juan Cruz Ochoa"
"Mohamed Amor","Mohamed Ben Amor"
"Juan Chávez","Juan Carlos Chávez"
"Benjamin Ondo","Benjamin Zé Ondo"
"Jan Hesselink","Jan Vennegoor of Hesselink"
"Eulânio Gomes","Eulânio Ângelo Chipela Gomes"
"Seidou Barazé","Seidou Guéro Barazé"
"Guðmundur Magnússon","Guðmundur Ingi Magnússon"
"Bechir Said","Bechir Ben Said"
"Jean-Baptiste Bescond","Jean-Baptiste Le Bescond"
"Al Nooh","Al Gozoli Nooh"
"José Serer","José Pérez Serer"
"Carlos Silva","Carlos Mauro Pereira da Silva"
"José Tárraga","José Manuel Tárraga"
"Jean Lazare","Jean Thierry Lazare"
"Antonio Rodríguez","Antonio Monreal Rodríguez"
"Arturo Napoli","Arturo Di Napoli"
"Joaquim Silva","Joaquim Alberto Silva"
"César Luca","César Cervo Luca"
"Giorgian Arrascaeta","Giorgian de Arrascaeta"
"Juan Pizzi","Juan Antonio Pizzi"
"Taha Khenissi","Taha Yassine Khenissi"
"Filip Wilde","Filip De Wilde"
"Rubén Rossi","Rubén Dario Rossi"
"Eduardo Silva","Eduardo da Silva"
"Francisco Rojas","Francisco Rojas Rojas"
"Javier Broto","Javier Sánchez Broto"
"Artur Oliveira","Artur Duarte de Oliveira"
"Miguel Angulo","Miguel Ángel Angulo"
"Pedro Carazo","Pedro Largo Carazo"
"Ion Goikoetxea","Ion Andoni Goikoetxea"
"Ricardo Pinto","Ricardo Sá Pinto"
"José Torres","José Francisco Torres"
"José Quiroga","José Antonio Quiroga"
"Mohamed Gharbal","Mohamed Abdelrahman Al Gharbal"
"Julio Cáceres","Julio César Cáceres"
"Palle Petersen","Palle Emil Petersen"
"Kees Wonderen","Kees van Wonderen"
"Bent Arensøe","Bent Christensen Arensøe"
"Bruno Rocha","Bruno Da Rocha"
"Vitaliy Ponomarenko","Vitaliy Mykolayovych Ponomarenko"
"Aloísio Alves","Aloísio Pires Alves"
"John Buskirk","John van Buskirk"
"Trond Soltvedt","Trond Egil Soltvedt"
"Henry Vegt","Henry van der Vegt"
"Pedro Velasco","Pedro Pablo Velasco"
"Alberto Brazo","Alberto Saavedra Brazo"
"Daniel Hestad","Daniel Berg Hestad"
"Antônio Santos","Antônio Carlos Santos"
"Carlos Busto","Carlos Padín Busto"
"Paulo Sousa","Paulo Jorge Sousa"
"André Lindbæk","André Schei Lindbæk"
"Sander Gessel","Sander van Gessel"
"Jirès Ekoko","Jirès Kembo Ekoko"
"Peter Heyden","Peter Van der Heyden"
"Reinaldo Santos","Reinaldo Rosa dos Santos"
"Jorge Sánchez","Jorge Cordero Sánchez"
"Beto Silva","Beto da Silva"
"Manuel Santos","Manuel dos Santos"
"Antony Ávila","Antony de Ávila"
"José Mora","José Moreno Mora"
"Pedro Jaro","Pedro Luis Jaro"
"Barış Yılmaz","Barış Alper Yılmaz"
"Trond Ludvigsen","Trond Fredrik Ludvigsen"
"Árni Arason","Árni Gautur Arason"
"Luigi Biagio","Luigi Di Biagio"
"Vicente Romero","Vicente Romero Romero"
"Miguel Nadal","Miguel Ángel Nadal"
"Sebastián Cardona","Sebastián Pérez Cardona"
"Ahmed Hosny","Ahmed Salah Hosny"
"Julio Pinheiro","Julio César Pinheiro"
"Dedi Dayan","Dedi Ben Dayan"
"Marcus Tanaka","Marcus Tulio Tanaka"
"José Lledó","José Vicente Lledó"
"Moisés Angulo","Moisés Villarroel Angulo"
"José Guerrero","José Félix Guerrero"
"Rafael Vázquez","Rafael Martín Vázquez"
"David Freitas","David de Freitas"
"José Campos","José Sinval de Campos"
"Robert Campbell","Robert Thomas Campbell"
"Geert Vlieger","Geert De Vlieger"
"Juan Sukunza","Juan Luis Sukunza"
"Ronald Boer","Ronald de Boer"
"Carlos Mora","Carlos Castro Mora"
"Jan Visser","Jan de Visser"
"Étienne Djissikadié","Étienne Alain Djissikadié"
"Ramon Haaren","Ramon van Haaren"
"Hans Breukelen","Hans van Breukelen"
"Juan Valencia","Juan José Valencia"
"Miguel Soria","Miguel Ángel Soria"
"José Peris","José Vicente Simeón Peris"
"Miguel Hurtado","Miguel Ángel Hurtado"
"Antonio Pérez","Antonio Gómez Pérez"
"Vragel Silva","Vragel da Silva"
"Juan Francia","Juan Pablo Francia"
"Tahar Khalej","Tahar El Khalej"
"Ahmed Osman","Ahmed Saad Osman"
"Cheick Comara","Cheick Ibrahim Comara"
"Éric Meco","Éric Di Meco"
"Djibril Paye","Djibril Tamsir Paye"
"Juan Mora","Juan Luis Mora"
"Hussain Moqahwi","Hussain Al Moqahwi"
"Juan Medina","Juan Carlos Medina"
"Abdoulaye Gaye","Abdoulaye Sileye Gaye"
"Alberto Moreno","Alberto López Moreno"
"Glen Boeck","Glen De Boeck"
"Cedric Gun","Cedric van der Gun"
"Rubén Acebal","Rubén Darío Acebal"
"Antonio Gómez","Antonio Muñoz Gómez"
"Mohammed Khilaiwi","Mohammed Al Khilaiwi"
"Jan Ede","Jan Willem van Ede"
"Juan Chesa","Juan Antonio Chesa"
"Pierrick Bert","Pierrick Le Bert"
"Mohamed Aoudia","Mohamed Amine Aoudia"
"Alberto Arteseros","Alberto López Arteseros"
"Sidi Ethmane","Sidi Yacoub Ethmane"
"Nasir Kasmi","Nasir El Kasmi"
"Alejandro Nappi","Alejandro González Nappi"
"Pascual Gregorio","Pascual de Gregorio"
"Luis Seijas","Luis Manuel Seijas"
"Pedro Santos","Pedro Jorge Santos Santos"
"Paulo Barreto","Paulo Vitor Barreto"
"Francisco Rodríguez","Francisco Leal Rodríguez"
"Nawaf Abed","Nawaf Al Abed"
"Mario Pizarraya","Mario García Pizarraya"
"Jorge Nilo","Jorge Torres Nilo"
"Roberto Fernández","Roberto Carlos Fernández"
"Bruno Arias","Bruno Herrero Arias"
"Salem Siam","Salem Abu Siam"
"Bruno Andrade","Bruno Lança Andrade"
"Mohamed Rashed","Mohamed Al Rashed"
"Trond Soltvedt","Trond Egil Soltvedt"
"Francisco Jara","Francisco Javier Sánchez Jara"
"Jim Fessem","Jim van Fessem"
"Julio Rossi","Julio Hernán Rossi"
"Jonathan Mananga","Jonathan Buatu Mananga"
"Demy Zeeuw","Demy de Zeeuw"
"Tim Keyser","Tim De Keyser"
"Jorge Sánchez","Jorge Cordero Sánchez"
"Bassey Andem","Bassey William Andem"
"Abdallah Mohamed","Abdallah Ali Mohamed"
"Alain Baekel","Alain Van Baekel"
"Ricardo Pinto","Ricardo Sá Pinto"
"El Houeibib","El Hassen Houeibib"
"Badr Kaddouri","Badr El Kaddouri"
"Andrés Bernal","Andrés Pato Bernal"
"Christophe Grix","Christophe Le Grix"
"Julio Cruz","Julio Ricardo Cruz"
"Theódór Bjarnason","Theódór Elmar Bjarnason"
"Freddy Santos","Freddy dos Santos"
"Hans Haar","Hans van de Haar"
"José Morales","José Luis Morales"
"Johan Kock","Johan de Kock"
"Joris Hout","Joris Van Hout"
"Saad Sheeb","Saad Al Sheeb"
"David Silva","David Mendes da Silva"
"Trond Ludvigsen","Trond Fredrik Ludvigsen"
"Óscar Ayala","Óscar Omar Ayala"
"Ulrich Pen","Ulrich Le Pen"
"José Muñoz","José Jorge Saavedra Muñoz"
"Carlos Álvarez","Carlos Pérez Álvarez"
"Carlos Álvarez","Carlos Pérez Álvarez"
"Aziz Askar","Aziz Ben Askar"
"Julio Rossi","Julio Hernán Rossi"
"José Ribera","José Luis Ribera"
"Jorge Martínez","Jorge Daniel Martínez"
"César Mendiondo","César González Mendiondo"
"Javier Gómez","Javier Torres Gómez"
"Ramón Quintana","Ramón de Quintana"
"Miguel Benítez","Miguel Ángel Benítez"
"David Magalhães","David Dinis Magalhães"
"Pape Diop","Pape Malick Diop"
"Óscar Marcos","Óscar de Marcos"
"Iván López","Iván Alonso López"
"Duccio Innocenti","Duccio Degli Innocenti"
"Rubén González","Rubén Estévez González"
"Bekir Has","Bekir Ozan Has"
"Rubén González","Rubén Estévez González"
"Allan Jepsen","Allan K. Jepsen"
"José García","José Mari García"
"Juan Caffa","Juan Pablo Caffa"
"John Mikel","John Obi Mikel"
"Morten Nielsen","Morten Koch Nielsen"
"Juan Moreno","Juan Carlos Moreno"
"Eloge Yamissi","Eloge Enza Yamissi"
"Jorge Sáenz","Jorge Pérez Sáenz"
"Ahmed Madouni","Ahmed Reda Madouni"
"Pape Diouf","Pape Paté Diouf"
"Pedro Martínez","Pedro González Martínez"
"Guillermo Rodríguez","Guillermo Daniel Rodríguez"
"Carlos Cano","Carlos David Cano"
"Manu Moral","Manu del Moral"
"Rubén Red","Rubén de la Red"
"Juan Moreno","Juan Carlos Moreno"
"Jelle Rouwelaar","Jelle ten Rouwelaar"
"Juan Elorriaga","Juan Eleder Acedo Elorriaga"
"Jan Hesselink","Jan Vennegoor of Hesselink"
"Luis Moreno","Luis Antonio Moreno"
"Alfonso Lucia","Alfonso De Lucia"
"José Sánchez","José Miguel Zafra Sánchez"
"Ion Goikoetxea","Ion Andoni Goikoetxea"
"Bjørn Kvarme","Bjørn Tore Kvarme"
"Mazhar Rahman","Mazhar Abdel Rahman"
"Juan Canales","Juan Garrido Canales"
"Raffaele Fusco","Raffaele Di Fusco"
"Pape Diop","Pape Seydou Diop"
"Javier García","Javier Prats García"
"Paolo Canio","Paolo Di Canio"
"Víctor Mestre","Víctor Torres Mestre"
"Ivone Franceschi","Ivone De Franceschi"
"Hamed Traorè","Hamed Junior Traorè"
"Jorge Garcia","Jorge Ordóñez Garcia"
"Jimmy Hasselbaink","Jimmy Floyd Hasselbaink"
"Jesús Cota","Jesús Diego Cota"
"Mustafa Haddaoui","Mustafa El Haddaoui"
"Pedro Muñoz","Pedro López Muñoz"
"Andrés Rosa","Andrés de la Rosa"
"Juan Ablanedo","Juan Carlos Ablanedo"
"Julio León","Julio César de León"
"Giampaolo Magno","Giampaolo Di Magno"
"Ahmed Madani","Ahmed Jamil Madani"
"Marcelo Moreno","Marcelo Martins Moreno"
"Carlos Cobo","Carlos Muñoz Cobo"
"José Ruiz","José Miguel Pérez Ruiz"
"Pablo Iniesta","Pablo Sanz Iniesta"
"Francisco Antón","Francisco José Antón"
"Santiago Herranz","Santiago Revilla Herranz"
"Marcelo Lopes","Marcelo Gonçalves Costa Lopes"
"José Luque","José Antonio Luque"
"Moisés Goya","Moisés Álvarez Goya"
"Pedro Martínez","Pedro González Martínez"
"Julio Santos","Julio dos Santos"
"Juan Jayo","Juan José Jayo"
"Jon Høiland","Jon Inge Høiland"
"Pier Nicoli","Pier Luigi Nicoli"
"Igor Camargo","Igor de Camargo"
"José Luque","José Juan Luque"
"Abdou Traoré","Abdou Razack Traoré"
"Pedro Henriques","Pedro Ricardo Quintela Henriques"
"José Cevallos","José Francisco Cevallos"
"Walid Khatroushi","Walid Mhadeb El Khatroushi"
"Issoufou Garba","Issoufou Boubacar Garba"
"Félix Ettien","Félix Dja Ettien"
"Mohamed Zemmamouche","Mohamed Lamine Zemmamouche"
"Jorge Sáenz","Jorge Pérez Sáenz"
"José Luque","José Antonio Luque"
"Stéphane Heyden","Stéphane Van Der Heyden"
"Juan Serrizuela","Juan José Serrizuela"
"Marwan Mabrouk","Marwan Al Mabrouk"
"Julio Valdés","Julio Dely Valdés"
"Guillermo Rodríguez","Guillermo Daniel Rodríguez"
"Eric Meir","Eric Van Meir"
"Edmilson Pimenta","Edmilson Gonçalves Pimenta"
"José Cuesta","José de la Cuesta"
"Frédéric Rocha","Frédéric Da Rocha"
"José Fuenzalida","José Pedro Fuenzalida"
"Hawar Mohammed","Hawar Mulla Mohammed"
"Carlos Espínola","Carlos González Espínola"
"Jorge Casanova","Jorge Daniel Casanova"
"Berry Aerle","Berry van Aerle"
"Luís Delgado","Luís Manuel Ferreira Delgado"
"Daniele Carri","Daniele Delli Carri"
"Pablo Millán","Pablo Galdames Millán"
"Vicente Vuoso","Vicente Matías Vuoso"
"Pape Diop","Pape Malick Diop"
"José Luque","José Antonio Luque"
"Nicki Nielsen","Nicki Bille Nielsen"
"David Jiménez","David Martín Jiménez"
"Benoît Bris","Benoît Le Bris"
"David Alonso","David Gómez Alonso"
"Pape Diop","Pape Seydou Diop"
"Luis Ramis","Luis Miguel Ramis"
"Kévin Neves","Kévin das Neves"
"Juan Caballero","Juan Carlos Caballero"
"Mustapha Diop","Mustapha Papa Diop"
"Luciano Souza","Luciano de Souza"
"Jorge Sáenz","Jorge Pérez Sáenz"
"José Alberto","José Pedro Alberto"
"Tor Johnsen","Tor Gunnar Johnsen"
"Edson Silva","Edson Luis da Silva"
"Rens Eijden","Rens van Eijden"
"Marco Costanzo","Marco Di Costanzo"
"Juan Lorca","Juan Gonzalo Lorca"
"Carmelo Balboa","Carmelo Manresa i Balboa"
"José Rubio","José Javier Rubio"
"Jeferson Souza","Jeferson Paulo Rodrigues de Souza"
"Fernando Có","Fernando Manuel Có"
"Juan Ángel","Juan Pablo Ángel"
"José Ortiz","José Cortés Ortiz"
"Marco Basten","Marco van Basten"
"Juan Toribio","Juan Antonio López Toribio"
"İsmail Odabaşı","İsmail Haktan Odabaşı"
"John McConnell","John Samuel McConnell"
"Nicki Nielsen","Nicki Bille Nielsen"
"Berthil Avest","Berthil ter Avest"
"Rafael Vázquez","Rafael Martín Vázquez"
"Mattia Bello","Mattia Dal Bello"
"Matt Tissier","Matt Le Tissier"
"Gilberto Pulpito","Gilberto D'Ignazio Pulpito"
"Fernando Ferreira","Fernando de Abreu Ferreira"
"Umberto Core","Umberto Del Core"
"Mame Niang","Mame Alassane Niang"
"Bjørn Bragstad","Bjørn Otto Bragstad"
"João Marques","João Batista Casemiro Marques"
"Marco Vaio","Marco Di Vaio"
"Guillermo Rodríguez","Guillermo Daniel Rodríguez"
"Ion Goikoetxea","Ion Andoni Goikoetxea"
"Marino Alfonso","Marino Bacallado Alfonso"
"Luis Valdéz","Luis Antonio Valdéz"
"Raúl Serrano","Raúl Rodríguez Serrano"
"Abdullah Al-Dosari","Abdullah Jumaan Al-Dosari"
"Amir Sadeghi","Amir Hossein Sadeghi"
"Rubén Cayuela","Rubén Blaya Cayuela"
"José Deus","José Luis Deus"
"Yasser Mosailem","Yasser Al Mosailem"
"Edwin Ankeren","Edwin van Ankeren"
"Leandro Silva","Leandro Almeida Silva"
"Walieldin Pogba","Walieldin Khidir Pogba"
"Rubén Río","Rubén Suárez Del Río"
"David Jiménez","David Martín Jiménez"
"Gonzalo Santos","Gonzalo de los Santos"
"Óscar Mena","Óscar Alcides Mena"
"Diego Santos","Diego López Santos"
"Pablo Aguilar","Pablo César Aguilar"
"Michel Wolf","Michel De Wolf"
"Pape Diop","Pape Malick Diop"
"Antonio Jurado","Antonio Díaz Jurado"
"Birkir Sævarsson","Birkir Már Sævarsson"
"Nouh Abd","Nouh Mohamed El Abd"
"Matheus Nascimento","Matheus Leite Nascimento"
"Raúl Zamora","Raúl Medina Zamora"
"Aleksei Popov","Aleksei Vladislavovich Popov"
"Valentín Garcia","Valentín Aller Garcia"
"Francesc Ortiz","Francesc Xavier Navarro i Ortiz"
"José Muñoz","José Luis Garzón Muñoz"
"Óscar Sanz","Óscar Salamanca Sanz"
"Karim Mourabet","Karim El Mourabet"
"Francisco Jara","Francisco Javier Sánchez Jara"
"Tor Aarøy","Tor Hogne Aarøy"
"David Matilla","David Hernández Matilla"
"Tahar Khalej","Tahar El Khalej"
"Fernando Santiago","Fernando Marcos Santiago"
"Mario Cañego","Mario Romero Cañego"
"Nico Kerckhoven","Nico Van Kerckhoven"
"José Vidigal","José Luís Vidigal"
"Carlos Gonçalves","Carlos Fumo Gonçalves"
"Abubakr Abaidy","Abubakr Al Abaidy"
"Rabea Laafi","Rabea Al Laafi"
"Pedro Martínez","Pedro González Martínez"
"Oceano Cruz","Oceano da Cruz"
"Adam Čerin","Adam Gnezda Čerin"
"Valtemir Souza","Valtemir Teles de Souza"
"Jóhann Guðmundsson","Jóhann Birnir Guðmundsson"
"Antonio Fortezza","Antonio La Fortezza"
"Trond Ludvigsen","Trond Fredrik Ludvigsen"
"David Coz","David de Coz"
"Juan Borrelli","Juan José Borrelli"
"Manuel Cuervo","Manuel Simón Cuervo"
"John Lozano","John Harold Lozano"
"Juan Vargas","Juan Pablo Vargas"
"Roque Cruz","Roque Santa Cruz"
"José Reyes","José Antonio Reyes"
"Gustavo Parra","Gustavo de la Parra"
"İrfan Kahveci","İrfan Can Kahveci"
"José Chilavert","José Luis Chilavert"
"Sergio García","Sergio Tejero García"
"Juan Rubio","Juan Jesús Cabrera Rubio"
"Alessandro Grosso","Alessandro Del Grosso"
"Paulo Rosa","Paulo César Rocha Rosa"
"Juan Seguro","Juan Ángel Seguro"
"José Barla","José Manuel Barla"
"Juha Onttonen","Juha Pekka Onttonen"
"Lars Bø","Lars Gaute Bø"
"Jean-François Sart","Jean-François De Sart"
"Jean Alcénat","Jean Sony Alcénat"
"Michael Nielsen","Michael Mio Nielsen"
"Cheikh Ahmed","Cheikh Moulaye Ahmed"
"Higo Oliveira","Higo Seara Santos de Oliveira"
"Javi Almendro","Javi García Almendro"
"Fernando Napoli","Fernando De Napoli"
"Ole Martinsen","Ole Einar Martinsen"
"Juan Gómez","Juan Andrés Gómez"
"Antonio González","Antonio Reyes González"
"Noël Sagna","Noël Antoine Sagna"
"Rein Duijnhoven","Rein van Duijnhoven"
"José Mena","José María Mena"
"Chris Weerden","Chris van der Weerden"
"Kodjo Laba","Kodjo Fo-Doh Laba"
"Juan Franco","Juan Carlos Franco"
"Loren Pino","Loren del Pino"
"Jean-Yves Blasiis","Jean-Yves de Blasiis"
"Abdul Issahaku","Abdul Fatawu Issahaku"
"Wilson Alegre","Wilson Edgar Pereira Alegre"
"Hermes Soares","Hermes Neves Soares"
"Ala'a Yousif","Ala'a Eldin Yousif"
"Madjid Haddou","Madjid Ben Haddou"
"Cyril Poh","Cyril Eboki Poh"
"José Serrano","José Antonio Serrano"
"José Araújo","José Carlos da Costa Araújo"
"Abdoul Bangoura","Abdoul Karim Bangoura"
"Jon Tomasson","Jon Dahl Tomasson"
"Rafael García","Rafael Collado García"
"Akram Salim","Akram El Hadi Salim"
"Ángel Dorado","Ángel Vivar Dorado"
"Miguel Quintero","Miguel Ángel Burrezo Quintero"
"Juan Riquelme","Juan Román Riquelme"
"Juan Maqueda","Juan José Maqueda"
"José Cases","José María Cases"
"José Ferreira","José Carlos Martins Ferreira"
"Moacir Santos","Moacir Rodrigues Santos"
"Gerardo Zúñiga","Gerardo Flores Zúñiga"
"Michel Zakarian","Michel Der Zakarian"
"Alan Jr.","Alan Kelly Jr."
"Mohamed Yaly","Mohamed Dellahi Yaly"
"Rafael Silva","Rafael da Silva"
"Mohamed Tougai","Mohamed Amine Tougai"
"Carlos Montoya","Carlos Navarro Montoya"
"Victor Ferreira","Victor Ramos Ferreira"
"Franky Elst","Franky Van der Elst"
"El Diaw","El Mostapha Diaw"
"Jan Hesselink","Jan Vennegoor of Hesselink"
"Pape Diop","Pape Malick Diop"
"Ahmed Saïd","Ahmed Mohamed Saïd"
"Emilio Pertierra","Emilio Fernández Pertierra"
"José Villarreal","José Luis Villarreal"
"Gunter Handenhoven","Gunter Van Handenhoven"
"Marcel Ortolan","Marcel Augusto Ortolan"
"Ulrich Gobbel","Ulrich van Gobbel"
"Dusan Djurić","Dusan Predrag Djuric"
"Raúl Cascini","Raúl Alfredo Cascini"
"Talal Karkouri","Talal El Karkouri"
"José Calderón","José Luis Calderón"
"Helton Reis","Helton Dos Reis"
"Tomás Isla","Tomás Pina Isla"
"Patrick Diemen","Patrick van Diemen"
"Ali Beşerler","Ali Eren Beşerler"
"Carlos Borja","Carlos Fernando Borja"
"Alessandro Canto","Alessandro Dal Canto"
"Leonardo Oliveira","Leonardo Pereira de Oliveira"
"Mohamed Yacoubi","Mohamed Ali Yacoubi"
"Jari Takatalo","Jari Matti Takatalo"
"Pablo Escobar","Pablo Daniel Escobar"
"Dirk Ven","Dirk van der Ven"
"Eusebio Francesco","Eusebio Di Francesco"
"Juan Sorín","Juan Pablo Sorín"
"José Sierra","José Luis Sierra"
"Pape N'Diaye","Pape Seydou N'Diaye"
"Eduardo Santos","Eduardo dos Santos"
"Sean Ledger","Sean St Ledger"
"Ali Yachir","Ali Sami Yachir"
"José Aira","José Manuel Aira"
"Juan Prendes","Juan Díaz Prendes"
"Óscar Paula","Óscar de Paula"
"Álvaro Montero","Álvaro David Montero"
"Koffi Kowa","Koffi Dan Kowa"
"Marco Marchi","Marco De Marchi"
"Samuele Bona","Samuele Dalla Bona"
"Mohamed Meftah","Mohamed Rabie Meftah"
"Daniel Boumsong","Daniel Maa Boumsong"
"David López","David Asensio López"
"Luciano Paola","Luciano De Paola"
"José Nascimento","José Carlos Nascimento"
"Javier Pino","Javier del Pino"
"Filippo Moro","Filippo Dal Moro"
"Alberto Rey","Alberto Marcos Rey"
"Gilles Bilde","Gilles De Bilde"
"Edmilson Dove","Edmilson Gabriel Dove"
"José Castro","José Ángel Moreno Castro"
"Guillermo Ayala","Guillermo Martínez Ayala"
"José Pérez","José Ramón González Pérez"
"David Pastor","David Rangel Pastor"
"Giorgio Vicino","Giorgio Di Vicino"
"Juan Docabo","Juan Carlos Docabo"
"Marco Hoogdalem","Marco van Hoogdalem"
"Joseba Olmo","Joseba del Olmo"
"Francisco Mantía","Francisco La Mantía"
"José Solar","José del Solar"
"João Fernandes","João Paulo Fernandes"
"Al Al-Yami","Al Hasan Al-Yami"
"Martín Pautasso","Martín Albano Pautasso"
"Miguel Pereira","Miguel Francisco Pereira"
"Arturo Jiménez","Arturo Pavón Jiménez"
"Jonay Abreu","Jonay Martín Abreu"
"Francisco Quico","Francisco Gómez García, Quico"
"Julio González","Julio José González"
"Francisco Luke","Francisco Javier Luke"
"Sébastien Paih","Sébastien Le Paih"
"Yassin Elwely","Yassin Cheikh Elwely"
"José Calvo","José García Calvo"
"Mohamed Turay","Mohamed Buya Turay"
"Mark Man","Mark De Man"
"Olivier Cock","Olivier De Cock"
"Odd Olsen","Odd Inge Olsen"
"Marco Ruiz","Marco Antonio García Ruiz"
"Eric Omondi","Eric Johanna Omondi"
"Ahmed Moslem","Ahmed Abou Moslem"
"David Rubio","David Pérez Rubio"
"Roberto Zerbi","Roberto De Zerbi"
"Sergio García","Sergio Tejero García"
"Juan Barbero","Juan Manuel Barbero"
"Daniel Múgica","Daniel Roiz Múgica"
"José Andrade","José Antonio García Andrade"
"Muhammad Maghrabi","Muhammad Al Maghrabi"
"Marcos Hernández","Marcos Redero Hernández"
"Rogelio Mori","Rogelio Funes Mori"
"José Martínez","José Andrés Martínez"
"José Figueras","José Juan Figueras"
"José Soto","José Luis Soto"
"Ignacio Carrión","Ignacio Segura Carrión"
"Benito Casanova","Benito Domínguez Casanova"
"Paul Guen","Paul Le Guen"
"Dave Bergh","Dave van den Bergh"
"Iván Ruiz","Iván Díaz Ruiz"
"Salim Boina","Salim Ben Boina"
"Nzelo Lembi","Nzelo Hervé Lembi"
"Djibril Ouattara","Djibril Cheick Ouattara"
"José Soler","José Ignacio Soler"
"Issa Sidibé","Issa Modibo Sidibé"
"El Hababi","El Arbi Hababi"
"Loris Nevo","Loris Del Nevo"
"Juan Valenzuela","Juan Carlos Valenzuela"
"Dayne Clair","Dayne St. Clair"
"Jon Lambea","Jon Ander Lambea"
"José Menéndez","José María Cabrera Menéndez"
"Miguel España","Miguel Ángel España"
"Gunnar Þorvaldsson","Gunnar Heiðar Þorvaldsson"
"José Buljubasich","José María Buljubasich"
"Juan Pereiro","Juan Carlos Mariño Pereiro"
"Juan Andrades","Juan Antonio Andrades"
"Andrea Vito","Andrea De Vito"
"José Mosquera","José Luis Mosquera"
"Jan Halst","Jan van Halst"
"Juan Moreno","Juan Carlos Moreno"
"Pablo Stalla","Pablo Díaz Stalla"
"Manuel Costa","Manuel da Costa"
"Jean-Pierre Placa","Jean-Pierre La Placa"
"Laurens Heuvel","Laurens ten Heuvel"
"Jaime Linares","Jaime Miguel Linares"
"Bent Arensøe","Bent Christensen Arensøe"
"Ángel Medina","Ángel Pedro Medina"
"José Ruiz","José Miguel Pérez Ruiz"
"Mateus Costa","Mateus Galiano da Costa"
"Mohammed Sahlawi","Mohammed Al Sahlawi"
"Oceano Cruz","Oceano da Cruz"
"Jan Hesselink","Jan Vennegoor of Hesselink"
"Stéphane Garrec","Stéphane Le Garrec"
"Tim Cler","Tim de Cler"
"Tommie Leegte","Tommie van der Leegte"
"Thomas Heesen","Thomas von Heesen"
"Imed Younes","Imed Ben Younes"
"Mauricio Filho","Mauricio Leandrino da Silva Filho"
"Antonio Vitis","Antonio De Vitis"
"Julian Guzmán","Julian de Guzmán"
"Domenico Carlo","Domenico Di Carlo"
"Álex Sama","Álex Fernández Sama"
"Luis Alves","Luis Roberto Alves"
"Miguel Espínola","Miguel Ángel Espínola"
"José Galdames","José Manuel Galdames"
"José Caminero","José Luis Caminero"
"Jorge Campos","Jorge Luis Campos"
"José Vázquez","José Juan Vázquez"
"Óscar Rodríguez","Óscar Fernández Rodríguez"
"José Coca","José Agustín Cenzual Coca"
"Egoitz Gabiola","Egoitz Jaio Gabiola"
"Jorge Sáenz","Jorge Pérez Sáenz"
"Óscar Rojas","Óscar Pérez Rojas"
"Jorge Vargas","Jorge Francisco Vargas"
"Luis Postigo","Luis García Postigo"
"Simão Junior","Simão Mate Junior"
"Juan Prieto","Juan Manuel Prieto"
"David Luque","David Relaño Luque"
"Emilio Gallego","Emilio José López Gallego"
"Ramiro Mori","Ramiro Funes Mori"
"Juan Espín","Juan Valera Espín"
"Paulo Gomes","Paulo Jorge Soares Gomes"
"Ignacio Rodríguez","Ignacio Azpilikueta Rodríguez"
"Albert López","Albert Cano López"
"Julio Baldivieso","Julio César Baldivieso"
"Younes Shibani","Younes Al Shibani"
"José García","José Mari García"
"Jean Amonome","Jean Noel Amonome"
"Éric Meco","Éric Di Meco"
"Karl Fjørtoft","Karl Oskar Fjørtoft"
"José García","José Mari García"
"Tahar Khalej","Tahar El Khalej"
"Carlos Becerra","Carlos García Becerra"
"Bjørn Bragstad","Bjørn Otto Bragstad"
"Manuel Bejarano","Manuel Asian Bejarano"
"Mitchell Gaag","Mitchell van der Gaag"
"Sidi Amar","Sidi Bouna Amar"
"Francisco Villena","Francisco Javier Mulero Villena"
"Pierre Hooijdonk","Pierre van Hooijdonk"
"Raffaele Martino","Raffaele De Martino"
"José Cubero","José Miguel Cubero"
"Roberto Matteo","Roberto Di Matteo"
"Jordi Pérez","Jordi Ocaña Pérez"
"José Melo","José Rogério de Melo"
"Luis Martín","Luis Márquez Martín"
"Óscar Martínez","Óscar López Martínez"
"Luis López","Luis Diego López"
"Diego Ascentis","Diego De Ascentis"
"Luís Gomes","Luís Fábio Gomes"
"José Jurado","José Manuel Jurado"
"Sergio García","Sergio Tejero García"
"Raúl Campo","Raúl del Campo"
"Mehdi Slimane","Mehdi Ben Slimane"
"Juan Socorro","Juan Carlos Socorro"
"Iván López","Iván Alonso López"
"Antonio Fernández","Antonio Castro Fernández"
"José Torres","José Iván González Torres"
"Víctor Ferreras","Víctor Javier Ferreras"
"Pierre Hooijdonk","Pierre van Hooijdonk"
"Nassim Hnid","Nassim El Hnid"
"Carlos Ayala","Carlos Arroyo Ayala"
"Joseph Oshadogan","Joseph Dayo Oshadogan"
"Eduardo Martín","Eduardo Rodríguez Martín"
"José Miranda","José Antonio Miranda"
"Andy Meyde","Andy van der Meyde"
"Abdul Keïta","Abdul Kader Keïta"
"José Serrano","José Antonio Serrano"
"Juan Verón","Juan Sebastián Verón"
"José Prieto","José Miguel Prieto"
"Ovidiu Hanganu","Ovidiu Cornel Hanganu"
"José Costa","José Américo Taira da Costa"
"João Kapango","João Rafael Kapango"
"Philippe Walle","Philippe Vande Walle"
"Mikel Larrea","Mikel Aguirregomezkorta Larrea"
"René Eck","René van Eck"
"Jón Ragnarsson","Jón Erling Ragnarsson"
"Fabián Peña","Fabián Ruiz Peña"
"Andrea Cecco","Andrea De Cecco"
"Adam Kwarasey","Adam Larsen Kwarasey"
"César Loma","César de Loma"
"José Culebras","José Antonio Culebras"
"Élton Brandão","Élton Rodrigues Brandão"
"Farouk Mustapha","Farouk Ben Mustapha"
"Daniel Evuy","Daniel Vázquez Evuy"
"Enoque Guilherme","Enoque Paulo Guilherme"
"Diego Luz","Diego Rodríguez Da Luz"
"Miguel Puente","Miguel Ángel Brau Puente"
"Jean Kouassi","Jean Evrard Kouassi"
"Juan Peña","Juan Manuel Peña"
"Juan Torrecilla","Juan Antonio Montes Torrecilla"
"Jorge Sousa","Jorge Luiz Sousa"
"Erik Andersen","Erik Bo Andersen"
"Alex Rocco","Alex Di Rocco"
"Jón Böðvarsson","Jón Daði Böðvarsson"
"José Capdevila","José Luis Capdevila"
"Angelo Livio","Angelo Di Livio"
"Luis Verde","Luis Víctor Verde"
"Javier Pedro","Javier de Pedro"
"Régis Bris","Régis Le Bris"
"Saber Frej","Saber Ben Frej"
"Abdoul Sow","Abdoul Salam Sow"
"Bjørn Bragstad","Bjørn Otto Bragstad"
"Ulrich Gobbel","Ulrich van Gobbel"
"Wissem Yahia","Wissem Ben Yahia"
"Luis Yoldi","Luis Alfonso Sota Yoldi"
"Vragel Silva","Vragel da Silva"
"Okon Essien","Okon Flo Essien"
"José Ferrera","José Ángel Ferrera"
"António Serrado","António Luís dos Santos Serrado"
"Fernando López","Fernando Moreno López"
"Olivier Luca","Olivier De Luca"
"Émerson Firmino","Émerson Luiz Firmino"
"Diego Bustos","Diego Daniel Bustos"
"Almike N'Diaye","Almike Moussa N'Diaye"
"Carlos Varela","Carlos Sastre Varela"
"Pierre Hooijdonk","Pierre van Hooijdonk"
"Pa Jagne","Pa Modou Jagne"
"Alberto Moreno","Alberto López Moreno"
"Iván López","Iván Alonso López"
"Ibrahima Bangoura","Ibrahima Sory Bangoura"
"Stephane Ki","Stephane Aziz Ki"
"Julián Cañego","Julián Romero Cañego"
"Jan Solli","Jan Gunnar Solli"
"Ulrich Gobbel","Ulrich van Gobbel"
"César González","César Eduardo González"
"Samir d'Avesnes","Samir Bertin d'Avesnes"
"Vinh Willemin","Vinh Long Willemin"
"Messias Santos","Messias Conceição Dos Santos"
"Rogerio Brito","Rogerio Paulo Brito"
"Ángel González","Ángel Martín González"
"Fiston Razak","Fiston Abdoul Razak"
"Juan Pina","Juan Pedro Pina"
"César Loma","César de Loma"
"Carlos Vega","Carlos de la Vega"
"Morten Pedersen","Morten Gamst Pedersen"
"Bouchaib Moubarki","Bouchaib El Moubarki"
"Juan Menseguez","Juan Carlos Menseguez"
"Chokri Ouaer","Chokri El Ouaer"
"Basile Carvalho","Basile de Carvalho"
"Badra Sangaré","Badra Ali Sangaré"
"Jean-Emmanuel Owona","Jean-Emmanuel Effa Owona"
"Marco Loreto","Marco Di Loreto"
"Per Mordt","Per Edmund Mordt"
"Manuel Jiménez","Manuel Jiménez Jiménez"
"André Moreira","André Luiz Moreira"
"Alberto Díaz","Alberto Martínez Díaz"
"Robin Laan","Robin van der Laan"
"Alberto Aspe","Alberto García Aspe"
"José González","José Ramón Dacosta González"
"Abdelkrim Hadrioui","Abdelkrim El Hadrioui"
"Jorge Roldán","Jorge Pina Roldán"
"José Bakero","José Mari Bakero"
"Luis Zalbidegoitia","Luis Prieto Zalbidegoitia"
"Manuel Serra","Manuel Salvador Serra"
"Marc Hintum","Marc van Hintum"
"Erkka Lehtola","Erkka V. Lehtola"
"Tom Staurvik","Tom Kåre Staurvik"
"Petter Singsaas","Petter Christian Singsaas"
"Bjørn Bragstad","Bjørn Otto Bragstad"
"Ahmed Kamel","Ahmed Ali Kamel"
"Robert Tambe","Robert Ndip Tambe"
"José Calvo","José María Calvo"
"Rubén González","Rubén Estévez González"
"José Movilla","José María Movilla"
"Andre-Frank Anguissa","Andre-Frank Zambo Anguissa"
"Daniel Ricart","Daniel Sarabia i Ricart"
"Richard Boateng","Richard Kissi Boateng"
"Rubenilson Ferreira","Rubenilson Monteiro Ferreira"
"Alex Souza","Alex de Souza"
"Bjørn Bragstad","Bjørn Otto Bragstad"
"Francisco Pineda","Francisco Javier Carpio Pineda"
"José Pikabea","José Antonio Pikabea"
"Aymen Mohamed","Aymen Ben Mohamed"
"Diego Miguel","Diego de Miguel"
"Marcelo Moreno","Marcelo Martins Moreno"
"Bent Johnsen","Bent Inge Johnsen"
"Guénaël Maux","Guénaël Le Maux"
"Óscar Celada","Óscar Luis Celada"
"Mario Atanet","Mario Gómez Atanet"
"Faneva Andriatsima","Faneva Imà Andriatsima"
"Fernando Córdoba","Fernando Gastón Córdoba"
"Claudemir Souza","Claudemir de Souza"
"Brian Nielsen","Brian Steen Nielsen"
"Rui Gracia","Rui Da Gracia"
"John Mosquera","John Jairo Mosquera"
"Gaetano Rosa","Gaetano De Rosa"
"Flórián Jr.","Flórián Albert Jr."
"Miguel Mayé","Miguel Ángel Mayé"
"Salih Akkaya","Salih Sabri Akkaya"
"Amro Soulia","Amro El Soulia"
"Vicente Núñez","Vicente Álvarez Núñez"
"Abel Moreno","Abel Gómez Moreno"
"Patrick Napoli","Patrick de Napoli"
"Serge-Junior Ngouali","Serge-Junior Martinsson Ngouali"
"Clayton Cruz","Clayton Ferreira Cruz"
"Ciro Cesare","Ciro De Cesare"
"Niels Kamphuis","Niels Oude Kamphuis"
"Carlos Álvarez","Carlos Pérez Álvarez"
"Jon Hjelde","Jon Olav Hjelde"
"Iván Maceira","Iván Pérez Maceira"
"José Saavedra","José Antonio Rodríguez Saavedra"
"Remco Schaaf","Remco van der Schaaf"
"Emilio González","Emilio Gutiérrez González"
"Eduardo Fernández","Eduardo Rodríguez Fernández"
"Tore Flo","Tore André Flo"
"Iván Muñoz","Iván Pérez Muñoz"
"Miguel Acosta","Miguel Ángel Núñez Acosta"
"Juan Paniagua","Juan Carlos Paniagua"
"Peter Heyden","Peter Van der Heyden"
"Kevin Ellegaard","Kevin Stuhr Ellegaard"
"Giovanni Bronckhorst","Giovanni van Bronckhorst"
"Javier Vallejo","Javier López Vallejo"
"Bruno Mbanangoyé","Bruno Zita Mbanangoyé"
"Boris Ngonga","Boris Moubhio Ngonga"
"Juan Borrelli","Juan José Borrelli"
"Yao Sènaya","Yao Mawuko Sènaya"
"Juan Ureña","Juan Antonio Ureña"
"Waldir Pereira","Waldir Lucas Pereira"
"Gilles Yapo","Gilles Yapi Yapo"
"Francisco Rodríguez","Francisco Javier Rodríguez"
"José Perera","José Jesús Perera"
"Björn Doelen","Björn van der Doelen"
"José Gordillo","José Gil Gordillo"
"Juan López","Juan Manuel López"
"Ricardo Silva","Ricardo Emídio Ramalho Silva"
"Peter Heyden","Peter Van der Heyden"
"Serhiy Shevchenko","Serhiy Yakovych Shevchenko"
"George Coser","George Lucas Coser"
"Serge Dizet","Serge Le Dizet"
"Tiziano Patre","Tiziano De Patre"
"Jorge Serna","Jorge Horacio Serna"
"Nicolás Cruz","Nicolás De La Cruz"
"José Melgar","José Milton Melgar"
"Juan Damas","Juan Velasco Damas"
"Abdoulaye Keita","Abdoulaye Khouma Keita"
"Antonio Nigris","Antonio de Nigris"
"William Andrade","William Amaral de Andrade"
"Valentín Sánchez","Valentín Buiza Sánchez"
"José García","José Mari García"
"Gilles Bilde","Gilles De Bilde"
"José Diezma","José Luis Diezma"
"Ali Hassan","Ali Al Hassan"
"Hannes Halldórsson","Hannes Þór Halldórsson"
"Robert Motta","Robert Piris Da Motta"
"Cléber Arado","Cléber Eduardo Arado"
"Emanuel Vaz","Emanuel Patrick Vaz"
"Flavien Postollec","Flavien Le Postollec"
"José Tinaut","José Antonio Peraile Tinaut"
"John Jong","John de Jong"
"Dick Burik","Dick van Burik"
"Renan Soares","Renan Brito Soares"
"Graeme Saux","Graeme Le Saux"
"Francisco Camarasa","Francisco José Camarasa"
"Fabian Freitas","Fabian de Freitas"
"Rogelio Heredia","Rogelio Lamar Heredia"
"Manuel Costa","Manuel da Costa"
"Hosny Rabo","Hosny Abd Rabo"
"Baher Mohamady","Baher El Mohamady"
"Luís Viana","Luís Manuel Rodrigues Viana"
"Félix Caicedo","Félix Torres Caicedo"
"Gerald Jr.","Gerald Phiri Jr."
"Ulises Cruz","Ulises de la Cruz"
"Wim Ron","Wim de Ron"
"Khalefa Mohamed","Khalefa Ahmed Mohamed"
"Luis Vega","Luis Manuel Arias Vega"
"Elsadig Jarif","Elsadig Al Jarif"
"John Rijswijck","John van Rijswijck"
"Pape Sow","Pape Habib Sow"
"Silvano Garibaldi","Silvano Raggio Garibaldi"
"Juan Balaguer","Juan Carlos Balaguer"
"Mustafa Fadni","Mustafa El Fadni"
"Douglas Silva","Douglas da Silva"
"Ole Sundgot","Ole Bjørn Sundgot"
"Luis Herrera","Luis Fernando Herrera"
"Jan Hurtado","Jan Carlos Hurtado"
"Fabrice Marcolino","Fabrice Do Marcolino"
"Ole Solskjær","Ole Gunnar Solskjær"
"Claudio Sousa","Claudio De Sousa"
"Antonio Alfaro","Antonio López Alfaro"
"Ricardo Estévão","Ricardo Job Estévão"
"Alberto Moreno","Alberto López Moreno"
"Frank Boer","Frank de Boer"
"Raúl Marcos","Raúl Lozano Marcos"
"Fernando Costa","Fernando Agostinho da Costa"
"José Sagra","José Antonio de la Sagra"
"Gilles Yapo","Gilles Yapi Yapo"
"Raúl Galdón","Raúl Ibáñez Galdón"
"Jørgen Jensen","Jørgen Juul Jensen"
"John Wolf","John de Wolf"
"Pierre Regonesi","Pierre Giorgio Regonesi"
"Knut Eggen","Knut Torbjørn Eggen"
"Sékou Sylla","Sékou Oumar Sylla"
"José Alexanko","José Ramón Alexanko"
"Claudio Pochintesta","Claudio Patti Pochintesta"
"Jos Nieuwstadt","Jos van Nieuwstadt"
"Ramón Bello","Ramón Medina Bello"
"Dominique Maele","Dominique Van Maele"
"Faysal Ahmed","Faysal Ben Ahmed"
"Nivaldo Santos","Nivaldo Alves Freitas Santos"
"Brahim Bahri","Brahim El Bahri"
"Sebastián Hernández","Sebastián Esparza Hernández"
"Antonio García","Antonio Estévez García"
"Juan Rando","Juan Antonio Santaella Rando"
"Hakim Bounadi","Hakim El Bounadi"
"Samuel Gouet","Samuel Oum Gouet"
"Noah Sundberg","Noah Sonko Sundberg"
"Nando Neves","Nando Maria Neves"
"Francisco Soriano","Francisco Julián Villena Soriano"
"Rolan Cruz","Rolan de la Cruz"
"Juan Perales","Juan de Dios Ramírez Perales"
"Fernando Colomer","Fernando Gómez Colomer"
"Jordi Matute","Jordi Bretón Matute"
"Luis Salvador","Luis Miguel Salvador"
"Yves Ilunga","Yves Diba Ilunga"
"Ayoub Kaabi","Ayoub El Kaabi"
"Juan García","Juan Carlos García"
"Ferry Haan","Ferry de Haan"
"Abdullah Ahrak","Abdullah Al Ahrak"
"Leif Salte","Leif Rune Salte"
"Bruno Mota","Bruno Fontes da Mota"
"Ola Rise","Ola By Rise"
"Alfonso Cabrera","Alfonso Cortijo Cabrera"
"Daniele Donato","Daniele Di Donato"
"Aldair Baldé","Aldair Adulai Djaló Baldé"
"Gorka Carlos","Gorka de Carlos"
"Halil Kara","Halil İbrahim Kara"
"Michael Murillo","Michael Amir Murillo"
"Luis Gutiérrez","Luis Alberto Gutiérrez"
"Tomás Rivera","Tomás González Rivera"
"Hassan Tambakti","Hassan Al Tambakti"
"Gilles Bilde","Gilles De Bilde"
"Fahad Muwallad","Fahad Al Muwallad"
"Daniel Kome","Daniel N'Gom Kome"
"Adri Tiggelen","Adri van Tiggelen"
"Rocco Paris","Rocco Roberto Paris"
"Raimond Gouw","Raimond van der Gouw"
"Jan Steenberghe","Jan Van Steenberghe"
"Ivano Morte","Ivano Della Morte"
"César Ramírez","César Augusto Ramírez"
"David Tommaso","David Di Tommaso"
"Papa Diop","Papa Bouba Diop"
"André Garcia","André Luís Garcia"
"Jesús Lacruz","Jesús María Lacruz"
"Palmiro Dio","Palmiro Di Dio"
"Ed Goey","Ed de Goey"
"Badr Eldoud","Badr Eldin Eldoud"
"Hamed Diallo","Hamed Modibo Diallo"
"Antonio Salvo","Antonio Di Salvo"
"Mohamed Moncer","Mohamed Ali Moncer"
"Gabriel Jaramillo","Gabriel Jaime Gómez Jaramillo"
"Jesús Landaluce","Jesús Merino Landaluce"
"José Yanguas","José Manuel Yanguas"
"Luis Perea","Luis Carlos Perea"
"Ricardo Pinto","Ricardo Sá Pinto"
"Juan Arce","Juan Carlos Arce"
"Erik Andersen","Erik Bo Andersen"
"Manuel Jamuana","Manuel Alexandre Jamuana"
"Juan Cañas","Juan José Cañas"
"Miquel Crespí","Miquel Buades Crespí"
"Kristinn Jónsson","Kristinn Rúnar Jónsson"
"Daniele Vezze","Daniele De Vezze"
"Miguel Tena","Miguel Ángel Tena"
"Marcelo Moreno","Marcelo Martins Moreno"
"Robby Weyer","Robby van de Weyer"
"Pedro Arenas","Pedro Alberto Cano Arenas"
"José Palomino","José Antonio Palomino"
"Roberto Bonillo","Roberto Fernández Bonillo"
"José Rueda","José Manuel Rueda"
"José Velázquez","José Manuel Velázquez"
"Jorge Silva","Jorge Pinto da Silva"
"Luis Rekarte","Luis López Rekarte"
"Gianluca Angelis","Gianluca De Angelis"
"Sergio Martínez","Sergio Daniel Martínez"
"Arnór Traustason","Arnór Ingvi Traustason"
"John Loen","John van Loen"
"José Santamaría","José Luis Santamaría"
"Lorenzo Prete","Lorenzo Del Prete"
"Ted Agasson","Ted Kelton Agasson"
"Yahya Allah","Yahya Attiat Allah"
"Jani Virtanen","Jani Tapani Virtanen"
"José Gay","José Aurelio Gay"
"Gontzal Begeria","Gontzal Suances Begeria"
"Eduardo Silva","Eduardo da Silva"
"Juan Granero","Juan García Granero"
"Felipe Belo","Felipe dal Belo"
"Mohamed Romdhane","Mohamed Ali Ben Romdhane"
"José Caturla","José Rafael Caturla"
"Francisco Pimienta","Francisco Javier García Pimienta"
"Luis Pascual","Luis Pérez Pascual"
"Jesús Sagredo","Jesús Manuel Sagredo"
"Alberto Chiara","Alberto Di Chiara"
"Alf Tveit","Alf Kåre Tveit"
"Tommie Leegte","Tommie van der Leegte"
"José Ochotorena","José Manuel Ochotorena"
"José Serrano","José Antonio Serrano"
"Pedro Gómez","Pedro Hontecillas Gómez"
"Peter Vossen","Peter van Vossen"
"Paulo Silva","Paulo da Silva"
"Gian Manighetti","Gian Paolo Manighetti"
"Marcelo Moreno","Marcelo Martins Moreno"
"Alexandre Cleyton","Alexandre Silva Cleyton"
"Matías Delgado","Matías Emilio Delgado"
"José Mateo","José Manuel Mateo"
"Souheïl Radhia","Souheïl Ben Radhia"
"El Mahgoub","El Muez Mahgoub"
"Jens Larsen","Jens Stryger Larsen"
